{
  "target": "user5",
  "ft_train_n": 88,
  "ft_eval_n": 22,
  "ft_epochs": 5,
  "lr": 1e-05,
  "generic": {
    "acc": 0.09090909090909091,
    "loss": 2.0622446807948025,
    "confusion_matrix": [
      [
        2,
        0,
        0,
        0,
        0,
        0,
        2
      ],
      [
        2,
        0,
        0,
        0,
        0,
        0,
        1
      ],
      [
        1,
        0,
        0,
        0,
        0,
        0,
        2
      ],
      [
        3,
        0,
        0,
        0,
        0,
        0,
        0
      ],
      [
        2,
        0,
        0,
        0,
        0,
        0,
        1
      ],
      [
        3,
        0,
        0,
        0,
        0,
        0,
        0
      ],
      [
        3,
        0,
        0,
        0,
        0,
        0,
        0
      ]
    ]
  },
  "personalized": {
    "acc": 0.5909090909090909,
    "loss": 1.389640293338082,
    "confusion_matrix": [
      [
        2,
        0,
        0,
        0,
        0,
        0,
        2
      ],
      [
        0,
        2,
        0,
        0,
        0,
        0,
        1
      ],
      [
        0,
        0,
        2,
        0,
        0,
        0,
        1
      ],
      [
        2,
        0,
        0,
        1,
        0,
        0,
        0
      ],
      [
        1,
        0,
        0,
        0,
        1,
        0,
        1
      ],
      [
        0,
        0,
        0,
        0,
        0,
        3,
        0
      ],
      [
        0,
        0,
        0,
        0,
        0,
        1,
        2
      ]
    ]
  },
  "classes": [
    "neutral",
    "happiness",
    "surprise",
    "sadness",
    "anger",
    "disgust",
    "fear"
  ]
}